{
    "parent": "item/handheld",
    "textures": {
        "layer0": "item/carrot_on_a_stick"
    },
	"overrides": [
		{"predicate": {"damaged": 0,"damage": 0.000000000}, "model": "item/carrot_on_a_stick"},
		{"predicate": {"damaged": 0,"damage": 0.105129734}, "model": "slime_mfsc:food/slime_apple"},
		{"predicate": {"damaged": 0,"damage": 0.109929734}, "model": "slime_mfsc:food/slime_apple"},
		{"predicate": {"damaged": 0,"damage": 0.110029734}, "model": "slime_mfsc:food/slime_apple"},
		{"predicate": {"damaged": 0,"damage": 0.115129734}, "model": "slime_mfsc:food/slime_apple"},
		{"predicate": {"damaged": 0,"damage": 0.119929734}, "model": "slime_mfsc:food/slime_apple"},
		{"predicate": {"damaged": 0,"damage": 0.120029734}, "model": "slime_mfsc:food/slime_apple"},
		{"predicate": {"damaged": 0,"damage": 0.235619561}, "model": "slime_mfsc:item/summoner/slime_pumpkin"},
		{"predicate": {"damaged": 0,"damage": 0.320971916}, "model": "slime_mfsc:scentity/scsp/slime_pumpkin_head0"},
	    {"predicate": {"damaged": 0,"damage": 0.446701518}, "model": "slime_mfsc:scentity/scsp/slime_pumpkin_head1"}
	]
}
